Workbook

Sheet Assumptions
A1: Copilot Credit Cost Estimator - Pashun Sports Customer Service Agent
A2: Yellow cells are inputs (blue text). Everything else is a formula. Indicative US dollar rates, October 2026: check Microsoft Learn and your admin center before quoting.
A4: Answer type (Standard harness) | B4: Copilot Credits | C4: Source / note
A5: Classic answer | B5: 1 | C5: Fixed answer you wrote (Lecture 3)
A6: Generative answer | B6: 2 | C6: Written from your documents (Lecture 3)
A7: Agent action | B7: 5 | C7: Tool, trigger or topic step (Lecture 3)
A8: Work content search | B8: 10 | C8: Microsoft Graph search (Lecture 3)
A9: Generative answer plus work search | B9: =B6+B8 | C9: One reply combining both = 12 (Lecture 3)
A10: Automated flow step | B10: =13/100 | C10: 13 credits per 100 flow steps (Lecture 3)
A12: Pricing and planning inputs | B12: Value | C12: Note
A13: Price per credit, pay-as-you-go ($) | B13: 0.01 | C13: About $0.01 per credit used, billed through Azure
A14: Prepaid pack size (credits per month) | B14: 25000 | C14: One pack; unused credits do not roll over
A15: Prepaid pack price per month ($) | B15: 200 | C15: About $200 per pack
A16: Launch-month contingency | B16: 0.3 | C16: Always add 30% for launch-month curiosity traffic
A17: Break-even credits per month (pack vs pay-as-you-go) | B17: =B15/B13 | C17: Below this, pay-as-you-go is cheaper
A19: Customer population (base case) | B19: Value | C19: Note
A20: Customers | B20: 300 | C20: Customers who might use the agent in a month
A21: Monthly active rate | B21: 0.5 | C21: Estimated share who use the agent in a month
A22: Sessions per active customer per month | B22: 2 | C22: Conversations each
A23: Interactions per session | B23: 5 | C23: Average interactions per conversation
A24: Active customers | B24: =B20*B21 | C24: Formula
A25: Sessions per month | B25: =B24*B22 | C25: Formula
A27: Worst-case population | B27: Value | C27: Note
A28: Worst-case monthly active rate | B28: 1 | C28: Everyone tries it
A29: Worst-case sessions per active customer | B29: 3 | C29: Heavy use
A31: Design lever | B31: Value | C31: Note
A32: Share of all sessions moved from generative to scripted (top three questions) | B32: 0.4 | C32: Assumption: the three most-asked questions are about 40% of sessions. Replace with your own count.

Sheet Session Cost
A1: Credits per session, by answer type
A2: Credits per session = interactions x credits per interaction + agent actions x action rate + flow steps x flow-step rate
A4: Session type | B4: Rate type used per interaction | C4: Interactions per session | D4: Credits per interaction | E4: Agent actions per session | F4: Flow steps per session | G4: Credits per session
A5: Scripted topic answer (returns window, postage rules) | B5: Classic answer | C5: =Assumptions!$B$23 | D5: =INDEX(Assumptions!$B$5:$B$10,MATCH(B5,Assumptions!$A$5:$A$10,0)) | E5: 0 | F5: 0 | G5: =C5*D5+E5*Assumptions!$B$7+F5*Assumptions!$B$10
A6: Generative answer grounded on the returns policy | B6: Generative answer | C6: =Assumptions!$B$23 | D6: =INDEX(Assumptions!$B$5:$B$10,MATCH(B6,Assumptions!$A$5:$A$10,0)) | E6: 0 | F6: 0 | G6: =C6*D6+E6*Assumptions!$B$7+F6*Assumptions!$B$10
A7: Session that fires a flow to log a return | B7: Generative answer | C7: =Assumptions!$B$23 | D7: =INDEX(Assumptions!$B$5:$B$10,MATCH(B7,Assumptions!$A$5:$A$10,0)) | E7: 1 | F7: 6 | G7: =C7*D7+E7*Assumptions!$B$7+F7*Assumptions!$B$10
A8: Expensive design: generative plus work content search | B8: Generative answer plus work search | C8: =Assumptions!$B$23 | D8: =INDEX(Assumptions!$B$5:$B$10,MATCH(B8,Assumptions!$A$5:$A$10,0)) | E8: 0 | F8: 0 | G8: =C8*D8+E8*Assumptions!$B$7+F8*Assumptions!$B$10
A10: Rate type must match a name in the rate table on the Assumptions sheet. Flow steps are an estimate: a return-logging flow with about 6 steps.

Sheet Forecast
A1: Monthly Copilot Credit forecast: four scenarios
A2: Lean = mix from the lecture (60% generative, 25% scripted, 15% flow sessions). Lever = top three questions moved to scripted topics. Expensive = everything generative plus work search. Worst case = expensive design at peak volume.
A4: Line | B4: Lean (lecture mix) | C4: Lever (top 3 to scripted) | D4: Expensive design | E4: Worst case
A5: Customers | B5: =Assumptions!B20 | C5: =Assumptions!B20 | D5: =Assumptions!B20 | E5: =Assumptions!B20
A6: Monthly active rate | B6: =Assumptions!B21 | C6: =Assumptions!B21 | D6: =Assumptions!B21 | E6: =Assumptions!B28
A7: Sessions per active customer | B7: =Assumptions!B22 | C7: =Assumptions!B22 | D7: =Assumptions!B22 | E7: =Assumptions!B29
A8: Sessions per month | B8: =B5*B6*B7 | C8: =C5*C6*C7 | D8: =D5*D6*D7 | E8: =E5*E6*E7
A9: Mix: scripted topic sessions | B9: 0.25 | C9: =B9+Assumptions!B32 | D9: 0 | E9: 0
A10: Mix: generative sessions | B10: 0.6 | C10: =B10-Assumptions!B32 | D10: 0 | E10: 0
A11: Mix: sessions that log a return via a flow | B11: 0.15 | C11: =B11 | D11: 0 | E11: 0
A12: Mix: generative plus work search sessions | B12: 0 | C12: 0 | D12: 1 | E12: 1
A13: Mix check (must be 100%) | B13: =SUM(B9:B12) | C13: =SUM(C9:C12) | D13: =SUM(D9:D12) | E13: =SUM(E9:E12)
A14: Credits: scripted | B14: =B8*B9*'Session Cost'!$G$5 | C14: =C8*C9*'Session Cost'!$G$5 | D14: =D8*D9*'Session Cost'!$G$5 | E14: =E8*E9*'Session Cost'!$G$5
A15: Credits: generative | B15: =B8*B10*'Session Cost'!$G$6 | C15: =C8*C10*'Session Cost'!$G$6 | D15: =D8*D10*'Session Cost'!$G$6 | E15: =E8*E10*'Session Cost'!$G$6
A16: Credits: flow-logged returns | B16: =B8*B11*'Session Cost'!$G$7 | C16: =C8*C11*'Session Cost'!$G$7 | D16: =D8*D11*'Session Cost'!$G$7 | E16: =E8*E11*'Session Cost'!$G$7
A17: Credits: generative plus work search | B17: =B8*B12*'Session Cost'!$G$8 | C17: =C8*C12*'Session Cost'!$G$8 | D17: =D8*D12*'Session Cost'!$G$8 | E17: =E8*E12*'Session Cost'!$G$8
A18: Base credits per month | B18: =SUM(B14:B17) | C18: =SUM(C14:C17) | D18: =SUM(D14:D17) | E18: =SUM(E14:E17)
A19: Launch-month contingency | B19: =Assumptions!$B$16 | C19: =Assumptions!$B$16 | D19: =Assumptions!$B$16 | E19: =Assumptions!$B$16
A20: Planning credits per month (with contingency) | B20: =B18*(1+B19) | C20: =C18*(1+C19) | D20: =D18*(1+D19) | E20: =E18*(1+E19)
A21: Pay-as-you-go cost per month ($) | B21: =B20*Assumptions!$B$13 | C21: =C20*Assumptions!$B$13 | D21: =D20*Assumptions!$B$13 | E21: =E20*Assumptions!$B$13
A22: Prepaid packs needed | B22: =ROUNDUP(B20/Assumptions!$B$14,0) | C22: =ROUNDUP(C20/Assumptions!$B$14,0) | D22: =ROUNDUP(D20/Assumptions!$B$14,0) | E22: =ROUNDUP(E20/Assumptions!$B$14,0)
A23: Prepaid cost per month ($) | B23: =B22*Assumptions!$B$15 | C23: =C22*Assumptions!$B$15 | D23: =D22*Assumptions!$B$15 | E23: =E22*Assumptions!$B$15
A24: Cheaper option | B24: =IF(B21<B23,"Pay-as-you-go","Prepaid pack") | C24: =IF(C21<C23,"Pay-as-you-go","Prepaid pack") | D24: =IF(D21<D23,"Pay-as-you-go","Prepaid pack") | E24: =IF(E21<E23,"Pay-as-you-go","Prepaid pack")
A25: Share of one 25,000-credit pack used | B25: =B20/Assumptions!$B$14 | C25: =C20/Assumptions!$B$14 | D25: =D20/Assumptions!$B$14 | E25: =E20/Assumptions!$B$14
A26: Change in planning credits versus Lean (negative = saving) | B26: =0 | C26: =C20-$B$20 | D26: =D20-$B$20 | E26: =E20-$B$20
A27: Planning credits as a multiple of Lean | B27: =B20/$B$20 | C27: =C20/$B$20 | D27: =D20/$B$20 | E27: =E20/$B$20
A28: Change versus Lean (%) | B28: =0 | C28: =(C20-$B$20)/$B$20 | D28: =(D20-$B$20)/$B$20 | E28: =(E20-$B$20)/$B$20
A30: How to read this
A31: - Lean: 300 customers x 50% active x 2 sessions = 300 sessions a month, split 60% generative / 25% scripted / 15% flow sessions, plus a 30% launch-month contingency.
A32: - Lever: moving the three most-asked questions from generative answers to scripted topics with fixed responses lowers the forecast. Change the share on the Assumptions sheet to your own figure.
A33: - Pay-as-you-go versus prepaid: a 25,000-credit pack at about $200 only wins above the break-even shown on the Assumptions sheet (20,000 credits a month at $0.01 per credit).
A34: - Testing a Standard agent is free; this forecast covers published use only. Customers outside the organization use credits.
A35: - Worst case is a ceiling for the cost statement to Morgan Reyes. Controls: billing alert at 80% in Azure Cost Management (it emails, it does not stop spending), restricted publishing rights in Production, monthly review owned by Jamie Jordan.

Sheet Cost Statement
A1: One-paragraph cost statement for Morgan Reyes (auto-filled from the Forecast sheet)
A3: ="Expected: about "&TEXT(Forecast!B18,"#,##0")&" Copilot Credits a month ("&TEXT(Forecast!B20,"#,##0")&" with the "&TEXT(Forecast!B19,"0%")&" launch contingency), roughly $"&TEXT(Forecast!B21,"#,##0.00")&" a month on pay-as-you-go. Assumptions: "&TEXT(Forecast!B5,"0")&" customers, "&TEXT(Forecast!B6,"0%")&" active, "&TEXT(Forecast!B7,"0")&" sessions each, mix 60/25/15. Worst case: "&TEXT(Forecast!E20,"#,##0")&" credits (about $"&TEXT(MIN(Forecast!E21,Forecast!E23),"#,##0")&" a month on the cheaper plan). Controls: Azure budget alert at 80%, restricted publishing in Production, monthly consumption review owned by Jamie Jordan."
