Workbook

Sheet Three-Tier Environments
A1: Tier | B1: Environment name | C1: Type | D1: Purpose | E1: Who has access | F1: Typical settings (DLP, data) | G1: Data | H1: Managed Environment | I1: Dataverse data store | J1: Region | K1: Environment owner | L1: Notes
A2: Development | B2: PashunSports-CustomerService-DEV | C2: Sandbox | D2: Build and experiment freely | E2: Makers only (Paul + 2 Pashun Sports makers) | F2: Loose DLP, test data only, no production connectors | G2: Test data only | H2: Optional | I2: Yes | J2: Region required by Pashun Sports data rules | K2: Paul Ashun | L2: Shows testing cost separately from live usage
A3: Test / UAT | B3: PashunSports-CustomerService-UAT | C3: Sandbox | D3: Validate with real users before release | E3: Makers + nominated business testers (Jamie, Morgan) | F3: Production-like DLP (policy Pashun Sports — Core Business Data) | G3: Anonymized or sample data | H3: Optional | I3: Yes | J3: Same region as PROD | K3: Jamie Jordan | L3: PolicySiteUrl points to the test SharePoint site
A4: Production | B4: PashunSports-CustomerService-PROD | C4: Production | D4: Live agent used by colleagues and customers | E4: Admins publish; colleagues and customers use it only | F4: Strict DLP (policy Pashun Sports — Core Business Data), change control | G4: Live data | H4: Yes: sharing limit max 20 individual makers, share with security groups only | I4: Yes | J4: Same region as PROD data | K4: Paul Ashun | L4: Restrict publishing rights; two platform leads hold Environment Maker
A6: Rules
A7: Naming convention: [Company]-[AgentName]-DEV / -UAT / -PROD (PashunSports-CustomerService-DEV, -UAT, -PROD).
A8: Move agents between tiers in a solution (managed export/import or Power Platform Pipelines). Never rebuild by hand.
A9: Retirement rule: any agent with zero conversations for 60 days is reviewed and either re-promoted or retired.
A10: Restrict maker access in the Default environment.
A11: Copilot Credits are consumed per environment: keep DEV and PROD separate so testing and live usage can be seen and capped separately.
A13: Your plan (blank)
A14: Tier | B14: Environment name | C14: Type | D14: Purpose | E14: Who has access | F14: Typical settings | G14: Data | H14: Managed Environment | I14: Dataverse | J14: Region | K14: Owner | L14: Notes
A15: Development
A16: Test / UAT
A17: Production

Sheet Environment Setup Steps
A1: Step | B1: Action | C1: Detail | D1: Applies to | E1: Done (Yes / No) | F1: Date
A2: 1 | B2: Open the environments list | C2: In the left menu select Manage, then Environments. | D2: Both UAT and PROD
A3: 2 | B3: Start a new environment | C3: Select + New. | D3: Both
A4: 3 | B4: Name it | C4: For example PashunSports-CustomerService-UAT. | D4: Both
A5: 4 | B5: Choose the type | C5: Sandbox for UAT, Production for PROD. | D5: Both
A6: 5 | B6: Choose the region | C6: The one your organization's data rules require. | D6: Both
A7: 6 | B7: Add a Dataverse data store | C7: Switch it on. | D7: Both
A8: 7 | B8: Save | C8: Wait until the environment changes from Preparing to Ready. | D8: Both
A9: 8 | B9: Enable Managed Environments on PROD | C9: Set the sharing limit to a maximum of 20 individual makers and turn on "share with security groups only". | D9: PROD
A10: 9 | B10: Create the DLP policy | C10: Name: Pashun Sports — Core Business Data. Place SharePoint, Outlook, Teams and Approvals in Business; move consumer storage and social apps to Blocked; scope to the UAT and PROD environments. | D10: UAT and PROD
A11: 10 | B11: Add the agent to a solution | C11: Solution: Pashun Sports Customer Service. Convert the hard-coded SharePoint policy site URL into the environment variable PolicySiteUrl. | D11: DEV
A12: 11 | B12: Export managed, import into UAT | C12: Supply the UAT value for PolicySiteUrl during import. | D12: DEV to UAT
A13: 12 | B13: Test the DLP policy | C13: Attempt to add a blocked connector in UAT and read the error message. | D13: UAT
A14: 13 | B14: Review usage and the weekly digest | C14: Admin Center: agent usage and capacity per environment; Managed Environment weekly digest. | D14: PROD

Sheet Connector Classification
A1: Connector | B1: Group in lecture text (Part 1) | C1: Group in policy "Pashun Sports — Core Business Data" (demo) | D1: Customer Service Agent | E1: Supplier Follow Up | F1: Sales Reporter | G1: Project Support Helper | H1: Operations Agent | I1: Inbox Sort and Respond | J1: Why
A2: SharePoint | B2: Business | C2: Business | D2: Y | E2: Y | F2: Y | G2: Y | H2: Y | I2: Y | J2: Policy library, Returns Log, Inbox Log, Supplier Tracker
A3: Outlook (Office 365) | B3: Business | C3: Business | E3: Y | G3: Y | I3: Y | J3: Supplier replies, inbox triage
A4: Microsoft Teams | B4: Business | C4: Business | D4: Y | G4: Y | J4: Customer Care channel escalation
A5: Dataverse | B5: Business | C5: Business | J5: Solutions and tables
A6: Approvals | B6: Business | C6: Business | J6: Refund sign-off workflow (planned)
A7: Planner | B7: Business | C7: Business | E7: Y | G7: Y | J7: Pashun Pro Tee US Launch plan
A8: Excel Online (Business) | B8: Business | C8: Business | F8: Y | G8: Y | J8: Sales and stock workbook
A9: Word Online (Business) | B9: Business | C9: Business | J9: Create documents on behalf of the user
A10: OneDrive for Business | B10: Business | C10: Business | J10: Personal work files
A11: Power Automate (flows) | B11: Business | C11: Business | D11: Y | H11: Y | J11: Log Return Request; schedule trigger
A12: Twitter/X | B12: Non-Business | C12: Blocked | J12: Public social channel; keeps SharePoint data away from social
A13: Dropbox | B13: Non-Business | C13: Blocked | J13: Consumer storage
A14: Gmail (personal) | B14: Non-Business | C14: Blocked | J14: Personal mail
A15: Facebook | B15: Non-Business | C15: Blocked | J15: Social app
A16: HTTP (unapproved endpoint) | B16: Blocked | C16: Blocked | J16: Anything unapproved is Blocked until reviewed
A18: Notes
A19: Business, Non-Business and Blocked connectors cannot be used together in the same agent or flow. Column C is the group you assign in the demo policy. In the lecture text Twitter/X, Dropbox and personal Gmail are described as Non-Business; the demo policy moves consumer storage and social apps to Blocked. Either way they cannot be mixed with SharePoint, Outlook or Teams.
A20: Add a Y under each agent that uses the connector. The DLP Mix Check sheet then flags any agent that mixes groups.

Sheet DLP Mix Check
A1: Agent | B1: Business connectors used | C1: Non-Business connectors used | D1: Blocked connectors used | E1: Result
A2: Customer Service Agent | B2: =COUNTIFS('Connector Classification'!$C$2:$C$40,"Business",'Connector Classification'!D$2:D$40,"Y") | C2: =COUNTIFS('Connector Classification'!$C$2:$C$40,"Non-Business",'Connector Classification'!D$2:D$40,"Y") | D2: =COUNTIFS('Connector Classification'!$C$2:$C$40,"Blocked",'Connector Classification'!D$2:D$40,"Y") | E2: =IF(D2>0,"Uses a Blocked connector",IF(AND(B2>0,C2>0),"Mixed groups - not allowed","OK"))
A3: Supplier Follow Up | B3: =COUNTIFS('Connector Classification'!$C$2:$C$40,"Business",'Connector Classification'!E$2:E$40,"Y") | C3: =COUNTIFS('Connector Classification'!$C$2:$C$40,"Non-Business",'Connector Classification'!E$2:E$40,"Y") | D3: =COUNTIFS('Connector Classification'!$C$2:$C$40,"Blocked",'Connector Classification'!E$2:E$40,"Y") | E3: =IF(D3>0,"Uses a Blocked connector",IF(AND(B3>0,C3>0),"Mixed groups - not allowed","OK"))
A4: Sales Reporter | B4: =COUNTIFS('Connector Classification'!$C$2:$C$40,"Business",'Connector Classification'!F$2:F$40,"Y") | C4: =COUNTIFS('Connector Classification'!$C$2:$C$40,"Non-Business",'Connector Classification'!F$2:F$40,"Y") | D4: =COUNTIFS('Connector Classification'!$C$2:$C$40,"Blocked",'Connector Classification'!F$2:F$40,"Y") | E4: =IF(D4>0,"Uses a Blocked connector",IF(AND(B4>0,C4>0),"Mixed groups - not allowed","OK"))
A5: Project Support Helper | B5: =COUNTIFS('Connector Classification'!$C$2:$C$40,"Business",'Connector Classification'!G$2:G$40,"Y") | C5: =COUNTIFS('Connector Classification'!$C$2:$C$40,"Non-Business",'Connector Classification'!G$2:G$40,"Y") | D5: =COUNTIFS('Connector Classification'!$C$2:$C$40,"Blocked",'Connector Classification'!G$2:G$40,"Y") | E5: =IF(D5>0,"Uses a Blocked connector",IF(AND(B5>0,C5>0),"Mixed groups - not allowed","OK"))
A6: Operations Agent | B6: =COUNTIFS('Connector Classification'!$C$2:$C$40,"Business",'Connector Classification'!H$2:H$40,"Y") | C6: =COUNTIFS('Connector Classification'!$C$2:$C$40,"Non-Business",'Connector Classification'!H$2:H$40,"Y") | D6: =COUNTIFS('Connector Classification'!$C$2:$C$40,"Blocked",'Connector Classification'!H$2:H$40,"Y") | E6: =IF(D6>0,"Uses a Blocked connector",IF(AND(B6>0,C6>0),"Mixed groups - not allowed","OK"))
A7: Inbox Sort and Respond | B7: =COUNTIFS('Connector Classification'!$C$2:$C$40,"Business",'Connector Classification'!I$2:I$40,"Y") | C7: =COUNTIFS('Connector Classification'!$C$2:$C$40,"Non-Business",'Connector Classification'!I$2:I$40,"Y") | D7: =COUNTIFS('Connector Classification'!$C$2:$C$40,"Blocked",'Connector Classification'!I$2:I$40,"Y") | E7: =IF(D7>0,"Uses a Blocked connector",IF(AND(B7>0,C7>0),"Mixed groups - not allowed","OK"))

Sheet Agent Ownership Register
A1: Agent | B1: Agent name in solutions | C1: Purpose | D1: Named owner | E1: Admin | F1: Business approver | G1: Environment | H1: Harness / channel | I1: Data sources | J1: Escalation route | K1: Status | L1: Last conversation date | M1: Days since last conversation | N1: Retirement review (60-day rule) | O1: Last review date | P1: Next review (monthly) | Q1: Review owner
A2: Customer Service Agent | B2: PS-Customer-Service | C2: Answers returns, exchanges, sizing and delivery questions | D2: Jamie Jordan | E2: Paul Ashun | F2: Morgan Reyes | G2: PashunSports-CustomerService-DEV (UAT and PROD created in demo) | H2: Standard; Microsoft 365 and Microsoft Teams | I2: Customer Policies library | J2: Escalate topic > Customer Care channel > Jamie | K2: Release 1, in UAT | L2: 46309 | M2: =IF(L2="","",TODAY()-L2) | N2: =IF(M2="","",IF(M2>=60,"Review: re-promote or retire","Active")) | O2: 46310 | P2: =IF(O2="","",EDATE(O2,1)) | Q2: Jamie Jordan
A3: Supplier Follow Up | B3: PS-Supplier-Follow-Up | C3: Checks supplier replies and deliveries, drafts chases for approval | D3: Jamie Jordan | E3: Paul Ashun | F3: Paul Ashun | G3: Pashun Sports – Dev | H3: Standard; child/connected agent | I3: Ridgeline Supplier Agreement 2026, launch plan, Outlook threads | J3: Returns to Project Support Helper; spend goes to Morgan Reyes | K3: Release 2, in Dev | L3: 46308 | M3: =IF(L3="","",TODAY()-L3) | N3: =IF(M3="","",IF(M3>=60,"Review: re-promote or retire","Active")) | O3: 46310 | P3: =IF(O3="","",EDATE(O3,1)) | Q3: Jamie Jordan
A4: Sales Reporter | B4: PS-Sales-Reporter | C4: Answers sales and stock questions, drafts the monthly summary | D4: Morgan Reyes | E4: Paul Ashun | F4: Paul Ashun | G4: Pashun Sports – Dev | H4: Standard; connected agent | I4: Pashun-ProTee-US-Sales-and-Stock-Forecast.xlsx (Excel tool) | J4: Returns to Project Support Helper | K4: Release 2, in Dev | L4: 46308 | M4: =IF(L4="","",TODAY()-L4) | N4: =IF(M4="","",IF(M4>=60,"Review: re-promote or retire","Active")) | O4: 46310 | P4: =IF(O4="","",EDATE(O4,1)) | Q4: Morgan Reyes
A5: Project Support Helper | B5: PS-Project-Support-Helper | C5: Internal front door; routes work to the three specialists | D5: Jamie Jordan | E5: Paul Ashun | F5: Paul Ashun | G5: Pashun Sports – Dev | H5: Standard; Microsoft Teams | I5: Routing and fallback only | J5: Fallback suggests who to ask | K5: Release 2, in Dev | L5: 46309 | M5: =IF(L5="","",TODAY()-L5) | N5: =IF(M5="","",IF(M5>=60,"Review: re-promote or retire","Active")) | O5: 46310 | P5: =IF(O5="","",EDATE(O5,1)) | Q5: Jamie Jordan
A6: Pashun Sports Operations Agent | B6: PS-Operations-Agent | C6: Computer use: Check Supplier Order Status (Preview, prototype) | D6: Jamie Jordan | E6: Paul Ashun | F6: Morgan Reyes | G6: Pashun Sports – Dev | H6: Standard; computer use tool, weekday 7:00 AM trigger | I6: Ridgeline portal (read-only), Supplier Tracker list | J6: Run failure reported; human checks the trace | K6: Prototype | L6: 46307 | M6: =IF(L6="","",TODAY()-L6) | N6: =IF(M6="","",IF(M6>=60,"Review: re-promote or retire","Active")) | O6: 46310 | P6: =IF(O6="","",EDATE(O6,1)) | Q6: Jamie Jordan
A7: Inbox Sort and Respond | B7: PS-Inbox-Sort-and-Respond | C7: Sorts and drafts replies for Paul's inbox (workflow agent) | D7: Paul Ashun | E7: Paul Ashun | F7: Jamie Jordan | G7: Pashun Sports – Dev | H7: Standard; autonomous trigger | I7: Inbox, Inbox Log list | J7: Drafts only; Paul approves before sending | K7: Pilot | L7: 46305 | M7: =IF(L7="","",TODAY()-L7) | N7: =IF(M7="","",IF(M7>=60,"Review: re-promote or retire","Active")) | O7: 46310 | P7: =IF(O7="","",EDATE(O7,1)) | Q7: Paul Ashun
A8: Launch Briefing agent | B8: PS-Launch-Briefing | C8: Daily launch briefing and risk report (GitHub Copilot harness) | D8: Paul Ashun | E8: Paul Ashun | F8: Jamie Jordan | G8: Pashun Sports – Dev | H8: GitHub Copilot harness | I8: Launch plan, risk report tool | J8: Paul reviews the briefing | K8: Pilot | L8: 46304 | M8: =IF(L8="","",TODAY()-L8) | N8: =IF(M8="","",IF(M8>=60,"Review: re-promote or retire","Active")) | O8: 46310 | P8: =IF(O8="","",EDATE(O8,1)) | Q8: Paul Ashun
A9: Returns Coach | B9: PS-Returns-Coach | C9: Declarative agent for Microsoft 365 Copilot Chat; coaches staff on returns | D9: Jamie Jordan | E9: Paul Ashun | F9: Morgan Reyes | G9: Pashun Sports – Dev | H9: Microsoft 365 Copilot Chat harness | I9: Customer Policies library | J9: Jamie Jordan | K9: Needs review | L9: 46223 | M9: =IF(L9="","",TODAY()-L9) | N9: =IF(M9="","",IF(M9>=60,"Review: re-promote or retire","Active")) | O9: 46234 | P9: =IF(O9="","",EDATE(O9,1)) | Q9: Jamie Jordan
M10: =IF(L10="","",TODAY()-L10) | N10: =IF(M10="","",IF(M10>=60,"Review: re-promote or retire","Active")) | P10: =IF(O10="","",EDATE(O10,1))
M11: =IF(L11="","",TODAY()-L11) | N11: =IF(M11="","",IF(M11>=60,"Review: re-promote or retire","Active")) | P11: =IF(O11="","",EDATE(O11,1))
M12: =IF(L12="","",TODAY()-L12) | N12: =IF(M12="","",IF(M12>=60,"Review: re-promote or retire","Active")) | P12: =IF(O12="","",EDATE(O12,1))
M13: =IF(L13="","",TODAY()-L13) | N13: =IF(M13="","",IF(M13>=60,"Review: re-promote or retire","Active")) | P13: =IF(O13="","",EDATE(O13,1))
M14: =IF(L14="","",TODAY()-L14) | N14: =IF(M14="","",IF(M14>=60,"Review: re-promote or retire","Active")) | P14: =IF(O14="","",EDATE(O14,1))
A16: Rows 2 to 9 are sample data for training. Rows below are blank for your own agents. Names must be real people, not job titles. Last-conversation dates are sample values; the idle-days and next-review columns are formulas.
